commit	tests_passed	tests_failed	typecheck	status	description
845f3f8	173	0	pass	keep	baseline
79a568f	173	0	pass	keep	loop.ts
f1b08fe	173	0	pass	keep	loop.ts
7facf4b	173	0	pass	keep	loop.ts
55823d9	173	0	pass	keep	loop.ts
693013d	173	0	pass	keep	loop.ts
a799321	173	0	pass	keep	bash.ts
0b74110	173	0	pass	keep	bash.ts
c7968a2	173	0	pass	keep	loop.ts
29e6ac2	173	0	pass	keep	bash.ts, string.ts
d489e49	173	0	pass	keep	bash.ts
a137758	173	0	pass	keep	bash.ts
ff9a6ea	173	0	pass	keep	bash.ts
5f62d5a	173	0	pass	keep	bash.ts
78bf81b	173	0	pass	keep	budget.ts
ade06e5	173	0	pass	keep	bash.ts
ebaae02	173	0	pass	keep	bash.ts
ef37375	173	0	pass	keep	bash.ts
f55ad6c	173	0	pass	keep	provider.ts
